Marvel's The Avengers,207438708 ,4349 ,623357910 ,5/4/2012
Iron Man 3,174144585 ,4253 ,409013994 ,5/3/2013
Harry Potter and the Deathly Hallows Part 2,169189427 ,4375 ,381011219 ,7/15/2011
The Dark Knight Rises,160887295 ,4404 ,448139099 ,7/20/2012
The Dark Knight,158411483 ,4366 ,533345358 ,7/18/2008
The Hunger Games: Catching Fire,158074286 ,4163 ,424668047 ,11/22/2013
The Hunger Games,152535747 ,4137 ,408010692 ,3/23/2012
Spider-Man 3,151116516 ,4252 ,336530303 ,5/4/2007
The Twilight Saga: New Moon,142839137 ,4024 ,296623634 ,11/20/2009
The Twilight Saga: Breaking Dawn Part 2,141067634 ,4070 ,292324737 ,11/16/2012
The Twilight Saga: Breaking Dawn Part 1,138122261 ,4061 ,281287133 ,11/18/2011
Pirates of the Caribbean: Dead Man's Chest,135634554 ,4133 ,423315812 ,7/7/2006
Iron Man 2,128122480 ,4380 ,312433331 ,5/7/2010
Harry Potter and the Deathly Hallows Part 1,125017372 ,4125 ,295983305 ,11/19/2010
The Hunger Games: Mockingjay - Part 1,121897634 ,4151 ,231476484 ,11/21/2014
Shrek the Third,121629270 ,4122 ,322719944 ,5/18/2007
Man of Steel,116619362 ,4207 ,291045518 ,6/14/2013
Alice in Wonderland (2010),116101023 ,3728 ,334191110 ,3/5/2010
Spider-Man,114844116 ,3615 ,403706375 ,5/3/2002
Pirates of the Caribbean: At World's End,114732820 ,4362 ,309420425 ,5/25/2007
Toy Story 3,110307189 ,4028 ,415004880 ,6/18/2010
Transformers: Revenge of the Fallen,108966307 ,4234 ,402111870 ,6/24/2009
Star Wars: Episode III - Revenge of the Sith,108435841 ,3661 ,380270577 ,5/19/2005
Shrek 2,108037878 ,4163 ,441226247 ,5/19/2004
X-Men: The Last Stand,102750665 ,3690 ,234362462 ,5/26/2006
Harry Potter and the Goblet of Fire,102685961 ,3858 ,290013036 ,11/18/2005
Indiana Jones and the Kingdom of the Crystal Skull,100137835 ,4260 ,317101119 ,5/22/2008
Transformers: Age of Extinction,100038390 ,4233 ,245439076 ,6/27/2014
Iron Man,98618668 ,4105 ,318412101 ,5/2/2008
Transformers: Dark of the Moon,97852865 ,4088 ,352390543 ,6/29/2011
Fast & Furious 6,97375245 ,3658 ,238679850 ,5/24/2013
Captain America: The Winter Soldier,95023721 ,3938 ,259766572 ,4/4/2014
Guardians of the Galaxy,94320883 ,4080 ,331855381 ,8/1/2014
Harry Potter and the Prisoner of Azkaban,93687367 ,3855 ,249541069 ,6/4/2004
Godzilla (2014),93188384 ,3952 ,200676069 ,5/16/2014
The Matrix Reloaded,91774413 ,3603 ,281576461 ,5/15/2003
The Amazing Spider-Man 2,91608337 ,4324 ,202853933 ,5/2/2014
X-Men: Days of Future Past,90823660 ,3996 ,233921534 ,5/23/2014
Harry Potter and the Sorcerer's Stone,90294621 ,3672 ,317575550 ,11/16/2001
Pirates of the Caribbean: On Stranger Tides,90151958 ,4155 ,241071802 ,5/20/2011
Skyfall,88364714 ,3505 ,304360277 ,11/9/2012
Harry Potter and the Chamber of Secrets,88357488 ,3682 ,261988482 ,11/15/2002
Spider-Man 2,88156227 ,4152 ,373585825 ,6/30/2004
Fast Five,86198765 ,3644 ,209837675 ,4/29/2011
The Hangover Part II,85946294 ,3615 ,254464305 ,5/26/2011
Thor: The Dark World,85737841 ,3841 ,206362140 ,11/8/2013
X2: X-Men United,85558731 ,3741 ,214949694 ,5/2/2003
X-Men Origins: Wolverine,85058003 ,4099 ,179883157 ,5/1/2009
The Hobbit: An Unexpected Journey,84617303 ,4045 ,303003568 ,12/14/2012
The Passion of the Christ,83848082 ,3043 ,370274604 ,2/25/2004
Despicable Me 2,83517315 ,3997 ,368061265 ,7/3/2013
Monsters University,82429469 ,4004 ,268492764 ,6/21/2013
Star Wars: Episode II - Attack of the Clones,80027814 ,3161 ,302191252 ,5/16/2002
Oz The Great and Powerful,79110453 ,3912 ,234911825 ,3/8/2013
Harry Potter and the Half-Blood Prince,77835727 ,4325 ,301959197 ,7/15/2009
I Am Legend,77211321 ,3606 ,256393010 ,12/14/2007
Harry Potter and the Order of the Phoenix,77108414 ,4285 ,292004738 ,7/11/2007
The Da Vinci Code,77073388 ,3735 ,217536138 ,5/19/2006
Avatar,77025481 ,3452 ,749766139 ,12/18/2009
Star Trek,75204289 ,3849 ,257730019 ,5/8/2009
The Simpsons Movie,74036787 ,3922 ,183135014 ,7/27/2007
The Hobbit: The Desolation of Smaug,73645197 ,3903 ,258366855 ,12/13/2013
Austin Powers in Goldmember,73071188 ,3613 ,213307889 ,7/26/2002
The Lord of the Rings: The Return of the King,72629713 ,3703 ,377027325 ,12/17/2003
Dawn of the Planet of the Apes,72611427 ,3967 ,208543795 ,7/11/2014
The Lost World: Jurassic Park,72132785 ,3281 ,229086679 ,5/23/1997
Fast and Furious,70950500 ,3461 ,155064265 ,4/3/2009
300,70885301 ,3103 ,210614939 ,3/9/2007
Shrek Forever After,70838207 ,4359 ,238736787 ,5/21/2010
Transformers,70502384 ,4011 ,319246193 ,7/3/2007
The Incredibles,70467623 ,3933 ,261441092 ,11/5/2004
Finding Nemo,70251710 ,3374 ,339714978 ,5/30/2003
Dr. Seuss' The Lorax,70217070 ,3729 ,214030500 ,3/2/2012
Star Trek Into Darkness,70165559 ,3868 ,228778661 ,5/16/2013
Twilight,69637740 ,3419 ,192769854 ,11/21/2008
Maleficent,69431298 ,3948 ,241407328 ,5/30/2014
The Bourne Ultimatum,69283690 ,3660 ,227471070 ,8/3/2007
The LEGO Movie,69050279 ,3775 ,257760692 ,2/7/2014
The Day After Tomorrow,68743584 ,3425 ,186740799 ,5/28/2004
Planet of the Apes (2001),68532960 ,3500 ,180011740 ,7/27/2001
The Mummy Returns,68139035 ,3401 ,202019785 ,5/4/2001
Up,68108790 ,3766 ,293004164 ,5/29/2009
Ice Age: The Meltdown,68033544 ,3964 ,195330621 ,3/31/2006
Bruce Almighty,67953330 ,3483 ,242829261 ,5/23/2003
Quantum of Solace,67528882 ,3451 ,168368427 ,11/14/2008
Rush Hour 2,67408222 ,3118 ,226164286 ,8/3/2001
Frozen,67391326 ,3742 ,400738009 ,11/27/2013
World War Z,66411834 ,3607 ,202359711 ,6/21/2013
Brave,66323594 ,4164 ,237283207 ,6/22/2012
Cars 2,66135507 ,4115 ,191452396 ,6/24/2011
Thor,65723338 ,3955 ,181030624 ,5/6/2011
Teenage Mutant Ninja Turtles (2014),65575105 ,3845 ,191204754 ,8/8/2014
"The Chronicles of Narnia: The Lion, the Witch and the Wardrobe",65556312 ,3616 ,291710957 ,12/9/2005
2012,65237614 ,3404 ,166112167 ,11/13/2009
Captain America: The First Avenger,65058524 ,3715 ,176654505 ,7/22/2011
War of the Worlds,64878725 ,3908 ,234280354 ,6/29/2005
The Twilight Saga: Eclipse,64832191 ,4468 ,300531751 ,6/30/2010
Star Wars: Episode I - The Phantom Menace,64820970 ,2970 ,431088295 ,5/19/1999
Madagascar: Escape 2 Africa,63106589 ,4056 ,180010950 ,11/7/2008
WALL-E,63087526 ,3992 ,223808164 ,6/27/2008
Inception,62785337 ,3792 ,292576195 ,7/16/2010
Hancock,62603879 ,3965 ,227946274 ,7/2/2008
"Monsters, Inc.",62577067 ,3237 ,255873250 ,11/2/2001
Sherlock Holmes,62304277 ,3626 ,209028679 ,12/25/2009
Hulk,62128420 ,3660 ,132177234 ,6/20/2003
The Lord of the Rings: The Two Towers,62007528 ,3622 ,339789881 ,12/18/2002
The Amazing Spider-Man,62004688 ,4318 ,262030663 ,7/3/2012
Clash of the Titans (2010),61235105 ,3777 ,163214888 ,4/2/2010
Madagascar 3: Europe's Most Wanted,60316738 ,4258 ,216391482 ,6/8/2012
Kung Fu Panda,60239130 ,4114 ,215434591 ,6/6/2008
Cars,60119509 ,3985 ,244082982 ,6/9/2006
Signs,60117080 ,3264 ,227966634 ,8/2/2002
Monsters Vs. Aliens,59321095 ,4104 ,198351526 ,3/27/2009
Pearl Harbor,59078912 ,3214 ,198542554 ,5/25/2001
Fantastic Four: Rise of the Silver Surfer,58051684 ,3959 ,131921738 ,6/15/2007
Hannibal,58003121 ,3230 ,165092268 ,2/9/2001
Mission: Impossible II,57845297 ,3653 ,215409889 ,5/24/2000
Toy Story 2,57388839 ,3236 ,245852179 ,11/24/1999
22 Jump Street,57071445 ,3306 ,191719337 ,6/13/2014
Sex and the City,57038404 ,3285 ,152647258 ,5/30/2008
Despicable Me,56397125 ,3476 ,251513985 ,7/9/2010
Valentine's Day,56260707 ,3665 ,110485654 ,2/12/2010
Snow White and the Huntsman,56217700 ,3773 ,155332381 ,6/1/2012
Big Hero 6,56215889 ,3761 ,168465363 ,11/7/2014
Charlie and the Chocolate Factory,56178450 ,3770 ,206459076 ,7/15/2005
Fantastic Four,56061504 ,3602 ,154696080 ,7/8/2005
Gravity,55785112 ,3575 ,274092705 ,10/4/2013
The Karate Kid,55665805 ,3663 ,176591618 ,6/11/2010
The Incredible Hulk,55414050 ,3505 ,134806913 ,6/13/2008
Watchmen,55214334 ,3611 ,107509799 ,3/6/2009
X-Men: First Class,55101604 ,3641 ,146408305 ,6/3/2011
How the Grinch Stole Christmas,55082330 ,3127 ,260044825 ,11/17/2000
The Chronicles of Narnia: Prince Caspian,55034805 ,3929 ,141621490 ,5/16/2008
Austin Powers: The Spy Who Shagged Me,54917604 ,3312 ,206040086 ,6/11/1999
Rise of the Planet of the Apes,54806191 ,3648 ,176760185 ,8/5/2011
G.I. Joe: The Rise of Cobra,54713046 ,4007 ,150201498 ,8/7/2009
Divergent,54607747 ,3936 ,150947895 ,3/21/2014
MIB 3,54592779 ,4248 ,179020854 ,5/25/2012
X-Men,54471475 ,3025 ,157299717 ,7/14/2000
Ted,54415205 ,3239 ,218815487 ,6/29/2012
Night at the Museum: Battle of the Smithsonian,54173286 ,4096 ,177243721 ,5/22/2009
Scooby-Doo,54155312 ,3447 ,153294164 ,6/14/2002
Green Lantern,53174303 ,3816 ,116601172 ,6/17/2011
The Wolverine,53113752 ,3924 ,132556852 ,7/26/2013
Batman Forever,52784433 ,2842 ,184031112 ,6/16/1995
Paranormal Activity 3,52568183 ,3321 ,104028807 ,10/21/2011
Superman Returns,52535096 ,4065 ,200081192 ,6/28/2006
The Bourne Supremacy,52521865 ,3165 ,176241941 ,7/23/2004
"I, Robot",52179887 ,3420 ,144801023 ,7/16/2004
Men in Black II,52148751 ,3557 ,190418803 ,7/3/2002
Van Helsing,51748040 ,3575 ,120177084 ,5/7/2004
8 Mile,51240555 ,2470 ,116750901 ,11/8/2002
Men in Black,51068455 ,3020 ,250690539 ,7/2/1997
Prometheus,51050101 ,3396 ,126477084 ,6/8/2012
Wanted,50927085 ,3175 ,134508551 ,6/27/2008
Jurassic Park III,50771645 ,3434 ,181171875 ,7/18/2001
The Village,50746142 ,3730 ,114197520 ,7/30/2004
2 Fast 2 Furious,50472480 ,3408 ,127154901 ,6/6/2003
Jackass 3-D,50353641 ,3081 ,117229692 ,10/15/2010
Mr. & Mrs. Smith,50342878 ,3424 ,186336279 ,6/10/2005
Independence Day,50228264 ,2882 ,306169268 ,7/3/1996
King Kong,50130145 ,3568 ,218080025 ,12/14/2005
The Great Gatsby (2013),50085185 ,3535 ,144840419 ,5/10/2013
Taken 2,49514769 ,3661 ,139854287 ,10/5/2012
How to Train Your Dragon 2,49451322 ,4253 ,176981945 ,6/13/2014
Rush Hour 3,49100158 ,3778 ,140125968 ,8/10/2007
Wreck-It Ralph,49038712 ,3752 ,189422889 ,11/2/2012
Neighbors,49033915 ,3279 ,150157400 ,5/9/2014
Alvin and the Chipmunks: The Squeakquel,48875415 ,3700 ,219614612 ,12/23/2009
Tangled,48767052 ,3603 ,200821936 ,11/24/2010
Batman Begins,48745440 ,3858 ,205343774 ,6/15/2005
The Matrix Revolutions,48475154 ,3502 ,139313948 ,11/5/2003
Scary Movie 3,48113770 ,3505 ,110003217 ,10/24/2003
The Fault in our Stars,48002523 ,3173 ,124872350 ,6/6/2014
Mission: Impossible III,47743273 ,4054 ,134029801 ,5/5/2006
Lara Croft: Tomb Raider,47735743 ,3308 ,131168070 ,6/15/2001
Kung Fu Panda 2,47656302 ,3925 ,165249063 ,5/26/2011
The Longest Yard,47606480 ,3634 ,158119460 ,5/27/2005
Shark Tale,47604606 ,4016 ,160861908 ,10/1/2004
Interstellar,47510360 ,3561 ,148929713 ,11/7/2014
Madagascar,47224594 ,4131 ,193595521 ,5/27/2005
The Lord of the Rings: The Fellowship of the Ring,47211490 ,3359 ,313364114 ,12/19/2001
Die Another Day,47072040 ,3314 ,160942139 ,11/22/2002
Talladega Nights: The Ballad of Ricky Bobby,47042215 ,3803 ,148213377 ,8/4/2006
Ratatouille,47027395 ,3940 ,206445654 ,6/29/2007
Jurassic Park,47026828 ,2404 ,357067947 ,6/11/1993
Troy,46865412 ,3411 ,133378256 ,5/14/2004
Pirates of the Caribbean: The Curse of the Black Pearl,46630690 ,3269 ,305413918 ,7/9/2003
Ice Age: Continental Drift,46629259 ,3881 ,161321843 ,7/13/2012
Bad Boys II,46522560 ,3186 ,138608444 ,7/18/2003
Ice Age,46312454 ,3316 ,176387405 ,3/15/2002
Angels & Demons,46204168 ,3527 ,133375846 ,5/15/2009
Meet the Fockers,46120980 ,3518 ,279261160 ,12/22/2004
Megamind,46016833 ,3944 ,148415853 ,11/5/2010
Batman Returns,45687711 ,2644 ,162831698 ,6/19/1992
Mission: Impossible,45436830 ,3012 ,180981856 ,5/22/1996
Ghost Rider,45388836 ,3619 ,115802596 ,2/16/2007
American Pie 2,45117985 ,3063 ,145103595 ,8/10/2001
300: Rise of An Empire,45038460 ,3470 ,106580051 ,3/7/2014
Dr. Seuss' Horton Hears a Who!,45012998 ,3954 ,154529439 ,3/14/2008
The Hangover,44979319 ,3269 ,277322503 ,6/5/2009
National Treasure: Book of Secrets,44783772 ,3832 ,219964115 ,12/21/2007
XXX,44506103 ,3374 ,142109382 ,8/9/2002
Alvin and the Chipmunks,44307417 ,3475 ,217326974 ,12/14/2007
Godzilla,44047541 ,3310 ,136314294 ,5/20/1998
Terminator 3: Rise of the Machines,44041440 ,3504 ,150371112 ,7/2/2003
Tron Legacy,44026211 ,3451 ,172062763 ,12/17/2010
Lucy,43899340 ,3173 ,126663600 ,7/25/2014
How to Train Your Dragon,43732319 ,4055 ,217581231 ,3/26/2010
Noah,43720472 ,3567 ,101200044 ,3/28/2014
The Croods,43639736 ,4046 ,187168425 ,3/22/2013
American Gangster,43565115 ,3054 ,130164645 ,11/2/2007
The Mummy,43369635 ,3210 ,155385488 ,5/7/1999
Hitch,43142214 ,3575 ,179495555 ,2/11/2005
Batman and Robin,42872605 ,2934 ,107325195 ,6/20/1997
Terminator Salvation,42558390 ,3530 ,125322469 ,5/21/2009
Hotel Transylvania,42522194 ,3349 ,148313048 ,9/28/2012
The Nutty Professor II: The Klumps,42518830 ,3242 ,123309890 ,7/28/2000
Shrek,42347760 ,3587 ,267665011 ,5/16/2001
Scary Movie,42346669 ,2912 ,157019771 ,7/7/2000
Anger Management,42220847 ,3551 ,135645823 ,4/11/2003
High School Musical 3: Senior Year,42030184 ,3623 ,90559416 ,10/24/2008
The Conjuring,41855326 ,2903 ,137400141 ,7/19/2013
Ice Age: Dawn of the Dinosaurs,41690382 ,4099 ,196573705 ,7/1/2009
The Hangover Part III,41671198 ,3555 ,112200072 ,5/23/2013
Big Daddy,41536370 ,3027 ,163479795 ,6/25/1999
Happy Feet,41533432 ,3804 ,198000317 ,11/17/2006
Ride Along,41516170 ,2663 ,134938200 ,1/17/2014
Grown Ups 2,41508572 ,3491 ,133668525 ,7/12/2013
The Perfect Storm,41325042 ,3407 ,182618434 ,6/30/2000
The Vow,41202458 ,2958 ,125014030 ,2/10/2012
Deep Impact,41152375 ,3156 ,140464664 ,5/8/1998
Shutter Island,41062440 ,2991 ,128012934 ,2/19/2010
Twister,41059405 ,2414 ,241721524 ,5/10/1996
Tyler Perry's Madea Goes to Jail,41030947 ,2032 ,90508336 ,2/20/2009
The Lion King,40888194 ,2552 ,312855561 ,6/24/1994
Casino Royale,40833156 ,3434 ,167445960 ,11/17/2006
Paranormal Activity 2,40678424 ,3216 ,84752907 ,10/22/2010
Friday the 13th (2009),40570365 ,3105 ,65002019 ,2/13/2009
Grown Ups,40506562 ,3534 ,162001186 ,6/25/2010
G.I. Joe: Retaliation,40501814 ,3719 ,122523060 ,3/28/2013
Batman,40489746 ,2194 ,251188924 ,6/23/1989
The Mummy: Tomb of the Dragon Emperor,40457770 ,3760 ,102491776 ,8/1/2008
The Last Airbender,40325019 ,3169 ,131772187 ,7/1/2010
Daredevil,40310419 ,3471 ,102543518 ,2/14/2003
Insidious Chapter 2,40272103 ,3049 ,83586447 ,9/13/2013
Scary Movie 4,40222875 ,3602 ,90710620 ,4/14/2006
Safe House,40172720 ,3119 ,126373434 ,2/10/2012
Charlie's Angels,40128550 ,3037 ,125305545 ,11/3/2000
The Fast and the Furious,40089015 ,2628 ,144533925 ,6/22/2001
Cloverfield,40058229 ,3411 ,80048433 ,1/18/2008
Chicken Little,40049778 ,3654 ,135386665 ,11/4/2005
Click,40011365 ,3749 ,137355633 ,6/23/2006
50 First Dates,39852237 ,3591 ,120908074 ,2/13/2004
Wild Hogs,39699023 ,3287 ,168273550 ,3/2/2007
Sherlock Holmes: A Game of Shadows,39637079 ,3703 ,186848418 ,12/16/2011
The Waterboy,39414071 ,2664 ,161491646 ,11/6/1998
Rio 2,39327869 ,3948 ,131538435 ,4/11/2014
Rio,39225962 ,3826 ,143619809 ,4/15/2011
The Break-Up,39172785 ,3070 ,118703275 ,6/2/2006
Ocean's Twelve,39153380 ,3290 ,125544280 ,12/10/2004
The Grudge,39128715 ,3245 ,110359362 ,10/22/2004
Magic Mike,39127170 ,2930 ,113721571 ,6/29/2012
The Heat,39115043 ,3181 ,159582188 ,6/28/2013
Dinosaur,38854851 ,3257 ,137748063 ,5/19/2000
Get Smart,38683480 ,3911 ,130319208 ,6/20/2008
You Don't Mess with the Zohan,38531374 ,3462 ,100018837 ,6/6/2008
Over the Hedge,38457003 ,4059 ,155019340 ,5/19/2006
The Cat in the Hat,38329160 ,3464 ,101149285 ,11/21/2003
Alien Vs. Predator,38291056 ,3395 ,80282231 ,8/13/2004
The Bourne Legacy,38142825 ,3745 ,113203870 ,8/10/2012
Ocean's Eleven,38107822 ,3075 ,183417150 ,12/7/2001
Rango,38079323 ,3917 ,123477607 ,3/4/2011
Inglourious Basterds,38054676 ,3165 ,120540719 ,8/21/2009
Bee Movie,38021044 ,3928 ,126631277 ,11/2/2007
Lone Survivor,37849910 ,2875 ,125095601 ,1/10/2014
Ace Ventura: When Nature Calls,37804076 ,2652 ,108385533 ,11/10/1995
Charlie's Angels: Full Throttle,37634221 ,3459 ,100830111 ,6/27/2003
Hop,37543710 ,3579 ,108085305 ,4/1/2011
Gone Girl,37513109 ,3014 ,161062914 ,10/3/2014
District 9,37354308 ,3049 ,115646235 ,8/14/2009
Pacific Rim,37285325 ,3275 ,101802906 ,7/12/2013
Mr. Deeds,37162787 ,3231 ,126293452 ,6/28/2002
Annabelle,37134255 ,3185 ,84158681 ,10/3/2014
Air Force One,37132505 ,2919 ,172956409 ,7/25/1997
S.W.A.T.,37062535 ,3202 ,116934650 ,8/8/2003
Oblivion,37054485 ,3783 ,89107235 ,4/19/2013
Red Dragon,36540945 ,3357 ,93149898 ,10/4/2002
Cowboys & Aliens,36431290 ,3750 ,100240551 ,7/29/2011
Freddy Vs. Jason,36428066 ,3014 ,82622655 ,8/15/2003
Interview with the Vampire,36389705 ,2604 ,105264608 ,11/11/1994
Marley and Me,36357586 ,3480 ,143153751 ,12/25/2008
21 Jump Street,36302612 ,3121 ,138447667 ,3/16/2012
Ocean's Thirteen,36133403 ,3565 ,117154724 ,6/8/2007
Dumb and Dumber To,36111775 ,3154 ,73144575 ,11/14/2014
Armageddon,36089972 ,3127 ,201578182 ,7/1/1998
The Scorpion King,36075875 ,3444 ,91047077 ,4/19/2002
Robin Hood,36063385 ,3503 ,105269730 ,5/14/2010
Robots,36045301 ,3776 ,128200012 ,3/11/2005
Salt,36011243 ,3612 ,118311368 ,7/23/2010
Star Wars (Special Edition),35906661 ,2104 ,138257865 ,1/31/1997
"10,000 B.C.",35867488 ,3410 ,94784201 ,3/7/2008
Minority Report,35677125 ,3001 ,132072926 ,6/21/2002
Sweet Home Alabama,35648740 ,3293 ,127223418 ,9/27/2002
The Smurfs,35611637 ,3395 ,142614158 ,7/29/2011
Battle: Los Angeles,35573187 ,3417 ,83552429 ,3/11/2011
The Other Guys,35543162 ,3651 ,119219978 ,8/6/2010
The World Is Not Enough,35519007 ,3163 ,126943684 ,11/19/1999
Super 8,35451168 ,3379 ,127004179 ,6/10/2011
Lilo & Stitch,35260212 ,3191 ,145794338 ,6/21/2002
National Treasure,35142554 ,3017 ,173008894 ,11/19/2004
The Ring Two,35065237 ,3332 ,76231249 ,3/18/2005
Runaway Bride,35055556 ,3158 ,152257509 ,7/30/1999
The Expendables,34825135 ,3270 ,103068524 ,8/13/2010
Gladiator,34819017 ,2938 ,187705427 ,5/5/2000
Scream 3,34713342 ,3467 ,89143175 ,2/4/2000
Identity Thief,34551025 ,3141 ,134506920 ,2/8/2013
Hellboy II: The Golden Army,34539115 ,3204 ,75986503 ,7/11/2008
Enchanted,34440317 ,3730 ,127807262 ,11/21/2007
Couples Retreat,34286740 ,3000 ,109204945 ,10/9/2009
I Now Pronounce You Chuck and Larry,34233750 ,3495 ,120059556 ,7/20/2007
Tarzan,34221968 ,3005 ,171091819 ,6/16/1999
Ransom,34216088 ,2676 ,136492681 ,11/8/1996
Norbit,34195434 ,3136 ,95673607 ,2/9/2007
The Equalizer,34137828 ,3236 ,100080579 ,9/26/2014
The Blind Side,34119372 ,3110 ,255959475 ,11/20/2009
Puss in Boots,34077439 ,3952 ,149260504 ,10/28/2011
The Purge,34058360 ,2536 ,64473115 ,6/7/2013
Lethal Weapon 4,34048124 ,3117 ,130444603 ,7/10/1998
Cloudy with a Chance of Meatballs 2,34017930 ,4001 ,119793567 ,9/27/2013
Wedding Crashers,33900720 ,2925 ,209255921 ,7/15/2005
The Devil Inside,33732515 ,2285 ,53261944 ,1/6/2012
Think Like a Man,33636303 ,2015 ,91547205 ,4/20/2012
The Proposal,33627598 ,3056 ,163958031 ,6/19/2009
What Women Want,33614543 ,3012 ,182811707 ,12/15/2000
Saw III,33610391 ,3167 ,80238724 ,10/27/2006
Epic,33531068 ,3882 ,107518682 ,5/24/2013
The Green Hornet,33526876 ,3584 ,98780042 ,1/14/2011
101 Dalmatians (1996),33504025 ,2794 ,136189294 ,11/27/1996
Wrath of the Titans,33457188 ,3545 ,83670083 ,3/30/2012
The Haunting,33435140 ,2808 ,91411151 ,7/23/1999
Spy Kids 3D: Game Over,33417739 ,3344 ,111761982 ,7/25/2003
Live Free or Die Hard,33369559 ,3408 ,134529403 ,6/27/2007
American Wedding,33369440 ,3172 ,104565114 ,8/1/2003
A Bug's Life,33258052 ,2686 ,162798565 ,11/27/1998
Lethal Weapon 3,33243086 ,2510 ,144731527 ,5/15/1992
Superbad,33052411 ,2948 ,121463226 ,8/17/2007
Blades of Glory,33014202 ,3372 ,118594548 ,3/30/2007
Rush Hour,33001803 ,2638 ,141186864 ,9/18/1998
Scream 2,32926342 ,2663 ,101363301 ,12/12/1997
A Nightmare on Elm Street (2010),32902299 ,3332 ,63075011 ,4/30/2010
The Book of Eli,32789494 ,3111 ,94835059 ,1/15/2010
Where the Wild Things Are,32695407 ,3735 ,77233467 ,10/16/2009
Due Date,32689406 ,3355 ,100539043 ,11/5/2010
Blade II,32528016 ,2707 ,82348319 ,3/22/2002
The Maze Runner,32512804 ,3604 ,101085390 ,9/19/2014
Hannah Montana The Movie,32324487 ,3118 ,79576189 ,4/10/2009
Mr. Peabody & Sherman,32207057 ,3934 ,111506430 ,3/7/2014
Immortals,32206425 ,3112 ,83504017 ,11/11/2011
Jackass Presents: Bad Grandpa,32055177 ,3336 ,102003019 ,10/25/2013
The SpongeBob SquarePants Movie,32018216 ,3212 ,85417988 ,11/19/2004
Paul Blart: Mall Cop,31832636 ,3144 ,146336178 ,1/16/2009
Terminator 2: Judgment Day,31765506 ,2274 ,204843345 ,7/3/1991
Saw IV,31756764 ,3183 ,63300095 ,10/26/2007
Saw II,31725652 ,2949 ,87039965 ,10/28/2005
G-Force,31706934 ,3697 ,119436770 ,7/24/2009
Bad Teacher,31603106 ,3049 ,100292856 ,6/24/2011
The Truman Show,31542121 ,2315 ,125618201 ,6/5/1998
The Wolfman,31479235 ,3222 ,61979680 ,2/12/2010
Liar Liar,31423025 ,2845 ,181410615 ,3/21/1997
Percy Jackson & The Olympians: The Lightning Thief,31236067 ,3356 ,88768303 ,2/12/2010
Evan Almighty,31192615 ,3604 ,100462298 ,6/22/2007
The Sum of All Fears,31178526 ,3183 ,118907036 ,5/31/2002
Home Alone 2: Lost in New York,31126882 ,2222 ,173585516 ,11/20/1992
Hannah Montana/Miley Cyrus: Best of Both Worlds Concert Tour,31117834 ,683 ,65281781 ,2/1/2008
Elf,31113501 ,3337 ,173398518 ,11/7/2003
Bringing Down the House,31101026 ,2801 ,132716677 ,3/7/2003
Four Christmases,31069826 ,3310 ,120146040 ,11/26/2008
Pokemon: The First Movie,31036678 ,3043 ,85744662 ,11/10/1999
Sex and the City 2,31001870 ,3445 ,95347692 ,5/27/2010
Step Brothers,30940732 ,3094 ,100468793 ,7/25/2008
Little Fockers,30833665 ,3536 ,148438600 ,12/22/2010
Star Trek: First Contact,30716131 ,2812 ,92027888 ,11/22/1996
Knocked Up,30690990 ,2871 ,148768917 ,6/1/2007
The Dukes of Hazzard,30675314 ,3785 ,80270227 ,8/5/2005
Bruno,30619130 ,2756 ,60054530 ,7/10/2009
Saving Private Ryan,30576104 ,2463 ,216540909 ,7/24/1998
The Pacifier,30552694 ,3131 ,113086868 ,3/4/2005
Bram Stoker's Dracula,30521679 ,2491 ,82522790 ,11/13/1992
The Happening,30517109 ,2986 ,64506874 ,6/13/2008
Just Go With It,30514732 ,3548 ,103028109 ,2/11/2011
The Day the Earth Stood Still (2008),30480153 ,3560 ,79366978 ,12/12/2008
Dear John,30468614 ,2969 ,80014842 ,2/5/2010
Night at the Museum,30433781 ,3685 ,250863268 ,12/22/2006
Olympus Has Fallen,30373794 ,3098 ,98925640 ,3/22/2013
Unbreakable,30330771 ,2708 ,95011339 ,11/22/2000
Cloudy with a Chance of Meatballs,30304648 ,3119 ,124870275 ,9/18/2009
America's Sweethearts,30181877 ,3011 ,93607673 ,7/20/2001
John Carter,30180188 ,3749 ,73078100 ,3/9/2012
The Lion King (in 3D),30151614 ,2330 ,94242001 ,9/16/2011
The X-Files,30138758 ,2629 ,83898313 ,6/19/1998
Django Unchained,30122888 ,3010 ,162805434 ,12/25/2012
The Best Man Holiday,30107555 ,2024 ,70525195 ,11/15/2013
Prince of Persia: The Sands of Time,30095259 ,3646 ,90759676 ,5/28/2010
DodgeBall: A True Underdog Story,30070196 ,2694 ,114326736 ,6/18/2004
Lemony Snicket's A Series of Unfortunate Events,30061756 ,3620 ,118634549 ,12/17/2004
Sleepy Hollow,30060467 ,3064 ,101071502 ,11/19/1999
Panic Room,30056751 ,3053 ,96397334 ,3/29/2002
The Exorcism of Emily Rose,30054300 ,2981 ,75072454 ,9/9/2005
Saw V,30053954 ,3060 ,56746769 ,10/24/2008
Catch Me If You Can,30053627 ,3156 ,164615351 ,12/25/2002
A Christmas Carol (2009),30051075 ,3683 ,137855863 ,11/6/2009
Tyler Perry's Madea's Family Reunion,30030661 ,2194 ,63257940 ,2/24/2006
The Purge: Anarchy,29816675 ,2805 ,71962800 ,7/18/2014
Elysium,29807393 ,3284 ,93050117 ,8/9/2013
Hercules (2014),29800263 ,3595 ,72688614 ,7/25/2014
Constantine,29769098 ,3006 ,75976178 ,2/18/2005
What Lies Beneath,29702959 ,2813 ,155464351 ,7/21/2000
The Flintstones,29688730 ,2498 ,130531208 ,5/27/1994
Dark Shadows,29685274 ,3755 ,79727149 ,5/11/2012
Mission: Impossible - Ghost Protocol,29556629 ,3448 ,209397903 ,12/21/2011
Pocahontas,29531619 ,2569 ,141579773 ,6/23/1995
Justin Bieber: Never Say Never,29514054 ,3105 ,73013910 ,2/11/2011
Gran Torino,29484388 ,2808 ,148095302 ,1/9/2009
Ghostbusters II,29472894 ,2410 ,112494738 ,6/16/1989
Scooby-Doo 2: Monsters Unleashed,29438331 ,3312 ,84216833 ,3/26/2004
Indiana Jones and the Last Crusade,29355021 ,2327 ,197171806 ,5/24/1989
A.I. Artificial Intelligence,29352630 ,3242 ,78616689 ,6/29/2001
Now You See Me,29350389 ,2925 ,117723989 ,5/31/2013
Beverly Hills Chihuahua,29300465 ,3215 ,94514402 ,10/3/2008
Tyler Perry's Why Did I Get Married Too?,29289537 ,2155 ,60095852 ,4/2/2010
Think Like a Man Too,29241911 ,2225 ,65182182 ,6/20/2014
The Muppets,29239026 ,3440 ,88631237 ,11/23/2011
The Lone Ranger,29210849 ,3904 ,89302115 ,7/3/2013
The Blair Witch Project,29207381 ,1101 ,140539099 ,7/30/1999
Eagle Eye,29150721 ,3510 ,101440743 ,9/26/2008
Toy Story,29140617 ,2457 ,191796233 ,11/22/1995
Sin City,29120273 ,3230 ,74103820 ,4/1/2005
Doctor Dolittle,29014324 ,2777 ,144156605 ,6/26/1998
The Santa Clause 2,29008696 ,3350 ,139236327 ,11/1/2002
Paranormal Activity 4,29003866 ,3412 ,53900335 ,10/19/2012
Jackass: Number Two,29002002 ,3059 ,72778712 ,9/22/2006
Inside Man,28954945 ,2818 ,88513495 ,3/24/2006
Cast Away,28883406 ,2774 ,233632142 ,12/22/2000
Non-Stop,28875635 ,3090 ,92168600 ,2/28/2014
Edge of Tomorrow,28760246 ,3490 ,100206256 ,6/6/2014
Titanic,28638131 ,2674 ,600788188 ,12/19/1997
Meet the Parents,28623300 ,2614 ,166244045 ,10/6/2000
Obsessed,28612730 ,2514 ,68261644 ,4/24/2009
Black Hawk Down,28611736 ,3101 ,108638745 ,1/18/2002
The Expendables 2,28591370 ,3316 ,85028192 ,8/17/2012
Anchorman: The Legend of Ron Burgundy,28416365 ,3091 ,85288303 ,7/9/2004
Mama,28402310 ,2647 ,71628180 ,1/18/2013
Nacho Libre,28309599 ,3070 ,80197993 ,6/16/2006
Horrible Bosses,28302165 ,3040 ,117538559 ,7/8/2011
Erin Brockovich,28138465 ,2848 ,125595205 ,3/17/2000
Starsky and Hutch,28103367 ,3185 ,88237754 ,3/5/2004
The Texas Chainsaw Massacre,28094014 ,3016 ,80571655 ,10/17/2003
Back to the Future Part II,27835125 ,1865 ,118450002 ,11/22/1989
The Matrix,27788331 ,2849 ,171479930 ,3/31/1999
He's Just Not That Into You,27785487 ,3175 ,93953653 ,2/6/2009
Mamma Mia!,27751240 ,2976 ,144130063 ,7/18/2008
Big Momma's House 2,27736056 ,3261 ,70165972 ,1/27/2006
Jarhead,27726210 ,2411 ,62658220 ,11/4/2005
Along Came Polly,27721185 ,2984 ,88097164 ,1/16/2004
Wild Wild West,27687484 ,3342 ,113804681 ,6/30/1999
Daddy Day Care,27623580 ,3370 ,104297061 ,5/9/2003
The Ugly Truth,27605576 ,2882 ,88915214 ,7/24/2009
Cheaper by the Dozen,27557647 ,3298 ,138614544 ,12/25/2003
The Devil Wears Prada,27537244 ,2847 ,124740460 ,6/30/2006
Space Jam,27528529 ,2650 ,90418342 ,11/15/1996
After Earth,27520040 ,3401 ,60522097 ,5/31/2013
Beowulf,27515871 ,3153 ,82280579 ,11/16/2007
42,27487144 ,3003 ,95020213 ,4/12/2013
Hairspray (2007),27476745 ,3121 ,118871849 ,7/20/2007
Bedtime Stories,27450296 ,3681 ,110101975 ,12/25/2008
The Final Destination,27408309 ,3121 ,66477700 ,8/28/2009
Jumper,27354808 ,3428 ,80172128 ,2/14/2008
Journey 2: The Mysterious Island,27335363 ,3470 ,103860290 ,2/10/2012
The Rugrats Movie,27321470 ,2782 ,100494675 ,11/20/1998
Real Steel,27319677 ,3440 ,85468508 ,10/7/2011
Les Miserables (2012),27281735 ,2814 ,148809770 ,12/25/2012
Jack the Giant Slayer,27202226 ,3525 ,65187603 ,3/1/2013
The Bourne Identity,27118640 ,2638 ,121661683 ,6/14/2002
2 Guns,27059130 ,3025 ,75612460 ,8/2/2013
Ender's Game,27017351 ,3407 ,61737191 ,11/1/2013
The Departed,26887467 ,3017 ,132384315 ,10/6/2006
Underworld: Evolution,26857181 ,3207 ,62318875 ,1/20/2006
The Curious Case of Benjamin Button,26853816 ,2988 ,127509326 ,12/25/2008
Flubber,26725207 ,2641 ,92977226 ,11/26/1997
Dawn of the Dead,26722575 ,2745 ,59020957 ,3/19/2004
The Sixth Sense,26681262 ,2161 ,293506292 ,8/6/1999
Resident Evil: Afterlife,26650264 ,3203 ,60128566 ,9/10/2010
The Campaign,26588460 ,3205 ,86907746 ,8/10/2012
Spy Kids,26546881 ,3104 ,112719001 ,3/30/2001
The Pursuit of Happyness,26541709 ,2852 ,163566459 ,12/15/2006
Borat: Cultural Learnings of America for Make Benefit Glorious Nation of Kazakhstan,26455463 ,837 ,128505958 ,11/3/2006
We're the Millers,26419396 ,3260 ,150394119 ,8/7/2013
Hollow Man,26414386 ,2956 ,73209340 ,8/4/2000
Halloween (2007),26362367 ,3472 ,58272029 ,8/31/2007
Beverly Hills Cop II,26348555 ,2326 ,153665036 ,5/20/1987
Bridesmaids,26247410 ,2918 ,169106725 ,5/13/2011
Anchorman 2: The Legend Continues,26232425 ,3507 ,125168368 ,12/18/2013
Bolt,26223128 ,3651 ,114053579 ,11/21/2008
GoldenEye,26205007 ,2667 ,106429941 ,11/17/1995
The Help,26044590 ,2534 ,169708112 ,8/10/2011
True Lies,25869770 ,2368 ,146282411 ,7/15/1994
Tropic Thunder,25812796 ,3319 ,110515313 ,8/13/2008
The Golden Compass,25783232 ,3528 ,70107728 ,12/7/2007
Evil Dead (2013),25775847 ,3025 ,54239856 ,4/5/2013
Miami Vice,25723815 ,3021 ,63450470 ,7/28/2006
Captain Phillips,25718314 ,3020 ,107100855 ,10/11/2013
The A-Team,25669455 ,3535 ,77222099 ,6/11/2010
Big Momma's House,25661041 ,2802 ,117559438 ,6/2/2000
About Last Night (2014),25649011 ,2253 ,48637684 ,2/14/2014
V for Vendetta,25642340 ,3365 ,70511035 ,3/17/2006
Robin Hood: Prince of Thieves,25625602 ,2369 ,165493908 ,6/14/1991
Son of God,25601865 ,3260 ,59700064 ,2/28/2014
Total Recall (2012),25577758 ,3601 ,58877969 ,8/3/2012
Battleship,25534825 ,3690 ,65422625 ,5/18/2012
Total Recall,25533700 ,2060 ,119394840 ,6/1/1990
Penguins of Madagascar,25447444 ,3764 ,37189407 ,11/26/2014
The Nutty Professor (1996),25411725 ,2115 ,128814019 ,6/28/1996
The Firm,25400000 ,2393 ,158348367 ,7/2/1993
Teenage Mutant Ninja Turtles,25398367 ,2006 ,135265915 ,3/30/1990
Tyler Perry's Madea's Witness Protection,25390575 ,2161 ,65653242 ,6/29/2012
Gnomeo and Juliet,25356909 ,2994 ,99967670 ,2/11/2011
Apollo 13,25353380 ,2197 ,172071312 ,6/30/1995
Indiana Jones and the Temple of Doom,25337110 ,1687 ,179870271 ,5/23/1984
Gone in 60 Seconds,25336048 ,3006 ,101648571 ,6/9/2000
Underworld Awakening,25306725 ,3078 ,62321039 ,1/20/2012
Public Enemies,25271675 ,3334 ,97104620 ,7/1/2009
Patch Adams,25262280 ,2712 ,135026902 ,12/25/1998
Date Night,25207599 ,3374 ,98711404 ,4/9/2010
Tomorrow Never Dies,25143007 ,2807 ,125304276 ,12/19/1997
Meet the Robinsons,25123781 ,3413 ,97822171 ,3/30/2007
Master and Commander: The Far Side of the World,25105990 ,3101 ,93927920 ,11/14/2003
Kill Bill Vol. 2,25104949 ,2971 ,66208183 ,4/16/2004
The Rock,25069525 ,2392 ,134069511 ,6/7/1996
Tyler Perry's Madea's Big Happy Family,25068677 ,2288 ,53345287 ,4/22/2011
Dr. Dolittle 2,25037039 ,3049 ,112952899 ,6/22/2001
Vanilla Sky,25015518 ,2742 ,100618344 ,12/14/2001
Jack and Jill,25003575 ,3438 ,74158157 ,11/11/2011
Flight,24900566 ,1884 ,93772375 ,11/2/2012
White House Down,24852258 ,3222 ,73103784 ,6/28/2013
A Good Day to Die Hard,24834845 ,3553 ,67349198 ,2/14/2013
True Grit,24830443 ,3047 ,171243005 ,12/22/2010
The Other Woman (2014),24763752 ,3205 ,83911193 ,4/25/2014
Predators,24760882 ,2669 ,52000688 ,7/9/2010
Zombieland,24733155 ,3036 ,75590286 ,10/2/2009
Taken,24717037 ,3183 ,145000989 ,1/30/2009
Collateral,24701458 ,3188 ,101005703 ,8/6/2004
Congo,24642539 ,2649 ,81022101 ,6/9/1995
Lee Daniels' The Butler,24637312 ,2933 ,116632095 ,8/16/2013
Flightplan,24629938 ,3424 ,89707299 ,9/23/2005
Knowing,24604751 ,3332 ,79957634 ,3/20/2009
Eraser,24566446 ,2410 ,101295562 ,6/21/1996
Act of Valor,24476632 ,3039 ,70012847 ,2/24/2012
Forrest Gump,24450602 ,1595 ,329694499 ,7/6/1994
Zero Dark Thirty,24438936 ,2937 ,95720716 ,1/11/2013
Mean Girls,24432195 ,2839 ,86058055 ,4/30/2004
Failure to Launch,24411322 ,3057 ,88715192 ,3/10/2006
Race to Witch Mountain,24402214 ,3187 ,67172594 ,3/13/2009
Contraband,24349815 ,2863 ,66528000 ,1/13/2012
The Chronicles of Riddick,24289165 ,2757 ,57761012 ,6/11/2004
The Haunted Mansion,24278410 ,3122 ,75847266 ,11/26/2003
The Last Samurai,24271354 ,2908 ,111127263 ,12/5/2003
TMNT,24255205 ,3110 ,54149098 ,3/23/2007
No Good Deed (2014),24250283 ,2175 ,52543632 ,9/12/2014
Barbershop 2: Back in Business,24241612 ,2711 ,65111277 ,2/6/2004
"Me, Myself and Irene",24209385 ,3019 ,90570999 ,6/23/2000
The Princess and the Frog,24208916 ,3434 ,104400899 ,12/11/2009
The Addams Family,24203754 ,2411 ,113502426 ,11/22/1991
Coach Carter,24182961 ,2524 ,67264877 ,1/14/2005
Con Air,24131738 ,2824 ,101117573 ,6/6/1997
White Noise,24113565 ,2261 ,56386759 ,1/7/2005
21,24105943 ,2648 ,81159365 ,3/28/2008
Tower Heist,24025190 ,3367 ,78046570 ,11/4/2011
The Chronicles of Narnia: The Voyage of the Dawn Treader,24005069 ,3555 ,104386950 ,12/10/2010
The Fast and the Furious: Tokyo Drift,23973840 ,3027 ,62514415 ,6/16/2006
Fahrenheit 9/11,23920637 ,868 ,119194771 ,6/25/2004
The Town,23808032 ,2861 ,92186262 ,9/17/2010
How to Lose a Guy in 10 Days,23774850 ,2923 ,105813373 ,2/7/2003
Rise of the Guardians,23773465 ,3653 ,103412758 ,11/21/2012
The Fugitive,23758855 ,2340 ,183875760 ,8/6/1993
Diary of a Wimpy Kid: Rodrick Rules,23751502 ,3167 ,52698535 ,3/25/2011
17 Again,23722310 ,3255 ,64167069 ,4/17/2009
Fury (2014),23702421 ,3173 ,82134362 ,10/17/2014
Resident Evil: Extinction,23678580 ,2828 ,50648679 ,9/21/2007
Open Season,23624548 ,3833 ,85105259 ,9/29/2006
Dinner for Schmucks,23527839 ,2911 ,73026337 ,7/30/2010
Dracula Untold,23514615 ,2885 ,55991880 ,10/10/2014
The Amityville Horror (2005),23507007 ,3323 ,65233369 ,4/15/2005
Be Cool,23450212 ,3216 ,56046979 ,3/4/2005
Tyler Perry's I Can Do Bad All By Myself,23446785 ,2255 ,51733921 ,9/11/2009
Save the Last Dance,23444930 ,2230 ,91057006 ,1/12/2001
Once Upon a Time in Mexico,23424118 ,3282 ,56359780 ,9/12/2003
Face/Off,23387530 ,2621 ,112276146 ,6/27/1997
The Taking of Pelham 1 2 3,23373102 ,3074 ,65452312 ,6/12/2009
The Polar Express,23323463 ,3650 ,162775358 ,11/10/2004
Mortal Kombat,23283887 ,2421 ,70454098 ,8/18/1995
Pineapple Express,23245025 ,3072 ,87341380 ,8/6/2008
Alvin and the Chipmunks: Chipwrecked,23244744 ,3723 ,133110742 ,12/16/2011
Eragon,23239907 ,3020 ,75030163 ,12/15/2006
Michael Jackson's This Is It,23234394 ,3481 ,72091016 ,10/28/2009
Hellboy,23172440 ,3028 ,59623958 ,4/2/2004
Double Jeopardy,23162542 ,2547 ,116741558 ,9/24/1999
The Mask,23117068 ,2360 ,119938730 ,7/29/1994
Star Trek: Generations,23116394 ,2659 ,75671125 ,11/18/1994
Monster-in-Law,23105133 ,3424 ,82931301 ,5/13/2005
Eat Pray Love,23104523 ,3082 ,80574010 ,8/13/2010
The League of Extraordinary Gentlemen,23075892 ,3002 ,66465204 ,7/11/2003
Resident Evil: Apocalypse,23036273 ,3284 ,51201453 ,9/10/2004
Return of the Jedi,23019618 ,1002 ,252583617 ,5/25/1983
27 Dresses,23007725 ,3057 ,76808654 ,1/18/2008
The Haunting in Connecticut,23004765 ,2732 ,55389516 ,3/27/2009
The Princess Diaries 2: Royal Engagement,22956453 ,3472 ,95170481 ,8/11/2004
The Game Plan,22950971 ,3103 ,90648202 ,9/28/2007
Vantage Point,22874936 ,3149 ,72266306 ,2/22/2008
The Princess Diaries,22862269 ,2537 ,108248956 ,8/3/2001
Mission to Mars,22855247 ,3054 ,60883407 ,3/10/2000
The Interpreter,22822455 ,2758 ,72708161 ,4/22/2005
Jackass: The Movie,22763437 ,2509 ,64255312 ,10/25/2002
Man on Fire,22751490 ,2980 ,77911774 ,4/23/2004
Mulan,22745143 ,2888 ,120620254 ,6/19/1998
Rugrats in Paris: The Movie,22718184 ,2934 ,76507756 ,11/17/2000
Unstoppable,22688457 ,3207 ,81562942 ,11/12/2010
Funny People,22657780 ,3007 ,51855045 ,7/31/2009
The Time Machine,22610437 ,2944 ,56832494 ,3/8/2002
Bridge to Terabithia,22564612 ,3139 ,82272442 ,2/16/2007
Training Day,22550788 ,2712 ,76631907 ,10/5/2001
Dick Tracy,22543911 ,2332 ,103738726 ,6/15/1990
Saw 3D,22530123 ,2808 ,45710178 ,10/29/2010
The Mask of Zorro,22525855 ,2515 ,94095523 ,7/17/1998
Heaven is for Real,22522221 ,2417 ,91443253 ,4/16/2014
The Lucky One,22518358 ,3155 ,60457138 ,4/20/2012
Shallow Hal,22518295 ,2770 ,70839203 ,11/9/2001
Star Wars: Episode I - The Phantom Menace (in 3D),22469932 ,2655 ,43456382 ,2/10/2012
Life of Pi,22451514 ,2927 ,124987023 ,11/21/2012
The Social Network,22445653 ,2771 ,96962694 ,10/1/2010
The Patriot,22413710 ,3061 ,113330342 ,6/28/2000
Contagion,22403596 ,3222 ,75658097 ,9/9/2011
Walk the Line,22347341 ,2961 ,119519402 ,11/18/2005
The General's Daughter,22332053 ,2856 ,102705852 ,6/18/1999
Planes,22232291 ,3702 ,90288712 ,8/9/2013
Disturbia,22224982 ,2925 ,80209692 ,4/13/2007
"Legally Blonde 2: Red, White and Blonde",22220670 ,3350 ,90186328 ,7/2/2003
Monster House,22217226 ,3553 ,73661010 ,7/21/2006
Freaky Friday,22203007 ,2954 ,110230332 ,8/6/2003
Die Hard: With A Vengeance,22162245 ,2525 ,100012499 ,5/19/1995
Poseidon,22155410 ,3555 ,60674817 ,5/12/2006
Diary of a Wimpy Kid,22126166 ,3077 ,64003625 ,3/19/2010
Ghost Rider: Spirit of Vengeance,22115334 ,3174 ,51774002 ,2/17/2012
It's Complicated,22100820 ,2887 ,112735375 ,12/25/2009
Kill Bill Vol. 1,22089322 ,3102 ,70099045 ,10/10/2003
Ladder 49,22088204 ,3260 ,74541707 ,10/1/2004
Road to Perdition,22079481 ,1797 ,104454762 ,7/12/2002
Starship Troopers,22058773 ,2971 ,54814377 ,11/7/1997
Star Trek: Insurrection,22052836 ,2620 ,70187658 ,12/11/1998
Chronicle (2012),22004098 ,2907 ,64575175 ,2/3/2012
The Monuments Men,22003433 ,3083 ,78031620 ,2/7/2014
The Empire Strikes Back (Special Edition),21975993 ,2111 ,67597694 ,2/21/1997
Hide and Seek,21959233 ,3005 ,51100486 ,1/28/2005
Tyler Perry's Diary of a Mad Black Woman,21905089 ,1483 ,50633099 ,2/25/2005
Inspector Gadget,21889138 ,2814 ,97403112 ,7/23/1999
Unknown,21856389 ,3043 ,63686397 ,2/18/2011
Stomp the Yard,21833312 ,2051 ,61356221 ,1/12/2007
Notting Hill,21811180 ,2747 ,116089678 ,5/28/1999
Lara Croft Tomb Raider: The Cradle of Life,21783641 ,3222 ,65660196 ,7/25/2003
Red,21761408 ,3255 ,90380162 ,10/15/2010
Underworld,21753759 ,2915 ,51970690 ,9/19/2003
Die Hard 2: Die Harder,21744661 ,2507 ,117540947 ,7/6/1990
Texas Chainsaw 3D,21744470 ,2654 ,34341945 ,1/4/2013
Garfield: The Movie,21727611 ,3094 ,75369589 ,6/11/2004
Shaft,21714757 ,2337 ,70334258 ,6/16/2000
Cats & Dogs,21707617 ,3040 ,93385515 ,7/4/2001
Eyes Wide Shut,21706163 ,2411 ,55691208 ,7/16/1999
Spy Game,21689125 ,2770 ,62362560 ,11/21/2001
RoboCop (2014),21681430 ,3372 ,58607007 ,2/12/2014
My Best Friend's Wedding,21678377 ,2134 ,127120029 ,6/20/1997
Tyler Perry's Temptation: Confessions of a Marriage Counselor,21641679 ,2047 ,51975354 ,3/29/2013
Little Man,21613176 ,2533 ,58645052 ,7/14/2006
When a Stranger Calls,21607203 ,2999 ,47860214 ,2/3/2006
Fool's Gold,21589295 ,3125 ,70231041 ,2/8/2008
Tammy,21577049 ,3465 ,84525432 ,7/2/2014
Christmas with the Kranks,21570867 ,3393 ,73780539 ,11/24/2004
"You, Me and Dupree",21525560 ,3131 ,75628110 ,7/14/2006
American Reunion,21514080 ,3192 ,57011521 ,4/6/2012
Hercules,21454451 ,2621 ,99112101 ,6/27/1997
The 40-Year-Old Virgin,21422815 ,2845 ,109449237 ,8/19/2005
The Stepford Wives,21406781 ,3057 ,59484742 ,6/11/2004
Safe Haven,21401594 ,3223 ,71349120 ,2/14/2013
The Forbidden Kingdom,21401121 ,3151 ,52075270 ,4/18/2008
Tyler Perry's Why Did I Get Married?,21353789 ,2011 ,55204525 ,10/12/2007
Turbo,21312625 ,3806 ,83028128 ,7/17/2013
My Bloody Valentine 3-D,21241456 ,2534 ,51545952 ,1/16/2009
Happy Feet Two,21237068 ,3606 ,64006466 ,11/18/2011
Payback,21221526 ,2729 ,81526121 ,2/5/1999
Four Brothers,21176925 ,2533 ,74494381 ,8/12/2005
Waterworld,21171780 ,2268 ,88246220 ,7/28/1995
The Adjustment Bureau,21157730 ,2840 ,62495645 ,3/4/2011
The Hitchhiker's Guide to the Galaxy,21103203 ,3133 ,51085416 ,4/29/2005
Bride Wars,21058173 ,3226 ,58715510 ,1/9/2009
13 Going on 30,21054283 ,3438 ,57231747 ,4/23/2004
Resident Evil: Retribution,21052227 ,3012 ,42345531 ,9/14/2012
Project X,21051363 ,3055 ,54731865 ,3/2/2012
Lincoln,21049406 ,1775 ,182207973 ,11/16/2012
Law Abiding Citizen,21039502 ,2890 ,73357727 ,10/16/2009
The Hunchback of Notre Dame,21037414 ,2778 ,100138851 ,6/21/1996
Valkyrie,21027007 ,2711 ,83077833 ,12/25/2008
The Forgotten,21022111 ,3104 ,67133509 ,9/24/2004
Journey to the Center of the Earth,21018141 ,2811 ,101704370 ,7/11/2008
The Strangers,20997985 ,2466 ,52597610 ,5/30/2008
Insomnia,20930169 ,2610 ,67355513 ,5/24/2002
Remember the Titans,20905831 ,1865 ,115654751 ,9/29/2000
The Woman in Black,20874072 ,2855 ,54333290 ,2/3/2012
Seabiscuit,20854735 ,1989 ,120277854 ,7/25/2003
Underworld: Rise of the Lycans,20828511 ,2942 ,45802315 ,1/23/2009
The Grudge 2,20825300 ,3211 ,39143839 ,10/13/2006
The Naked Gun 2 1/2: The Smell of Fear,20817139 ,2378 ,86930411 ,6/28/1991
Prisoners,20817053 ,3260 ,61002302 ,9/20/2013
Prom Night (2008),20804941 ,2700 ,43869350 ,4/11/2008
Looper,20801522 ,2992 ,66486205 ,9/28/2012
This is the End,20719162 ,3055 ,101470202 ,6/12/2013
The Bounty Hunter,20686423 ,3074 ,67061228 ,3/19/2010
Guess Who,20671446 ,3147 ,68915888 ,3/25/2005
Step Up,20659573 ,2467 ,65328121 ,8/11/2006
Barbershop,20627433 ,1605 ,75782105 ,9/13/2002
1408,20617667 ,2678 ,71985628 ,6/22/2007
Contact,20584908 ,1923 ,100920329 ,7/11/1997
Deja Vu,20574802 ,3108 ,64038616 ,11/22/2006
End of Days,20523595 ,2593 ,66889043 ,11/24/1999
Takers,20512304 ,2206 ,57744720 ,8/27/2010
Scary Movie 2,20503356 ,3220 ,71308997 ,7/4/2001
Notorious (2009),20497596 ,1638 ,36843682 ,1/16/2009
Mrs. Doubtfire,20468847 ,1605 ,219195243 ,11/24/1993
Life,20414775 ,2594 ,63886029 ,4/16/1999
Lethal Weapon 2,20388800 ,1803 ,147253986 ,7/7/1989
Legally Blonde,20377426 ,2620 ,96520674 ,7/13/2001
The Last Exorcism,20366613 ,2874 ,41034350 ,8/27/2010
Warm Bodies,20353967 ,3009 ,66380662 ,2/1/2013
Clear and Present Danger,20348017 ,2378 ,122187717 ,8/5/1994
Atlantis: The Lost Empire,20342105 ,3011 ,84056472 ,6/15/2001
John Q.,20275194 ,2466 ,71756802 ,2/15/2002
Friday Night Lights,20269025 ,2667 ,61255921 ,10/8/2004
Pain and Gain,20244505 ,3277 ,49875291 ,4/26/2013
The Pink Panther (2006),20220412 ,3477 ,82226474 ,2/10/2006
We Were Soldiers,20212543 ,3143 ,78122718 ,3/1/2002
Eight Below,20188176 ,3066 ,81612565 ,2/17/2006
Rambo: First Blood Part II,20176217 ,2074 ,150415432 ,5/22/1985
What Happens in Vegas,20172474 ,3215 ,80277646 ,5/9/2008
Kicking and Screaming,20159925 ,3455 ,52842724 ,5/13/2005
Lost in Space,20154919 ,3306 ,69117629 ,4/3/1998
Silent Hill,20152598 ,2926 ,46982632 ,4/21/2006
Entrapment,20145595 ,2814 ,87704396 ,4/30/1999
Knight & Day,20139985 ,3098 ,76423035 ,6/23/2010
Bewitched,20131130 ,3174 ,63313159 ,6/24/2005
Beavis and Butt-Head Do America,20114233 ,2190 ,63118386 ,12/20/1996
The Mexican,20108829 ,2951 ,66845033 ,3/2/2001
Tyler Perry's Meet the Browns,20082809 ,2006 ,41975388 ,3/21/2008
Zookeeper,20065617 ,3482 ,80360843 ,7/8/2011
Ray,20039730 ,2006 ,75331600 ,10/29/2004
Enemy of the State,20038573 ,2393 ,111549836 ,11/20/1998
Teenage Mutant Ninja Turtles II,20030473 ,2868 ,78656813 ,3/22/1991
Julie & Julia,20027956 ,2354 ,94125426 ,8/7/2009
The Manchurian Candidate,20018620 ,2867 ,65955630 ,7/30/2004
Rocky IV,19991537 ,1325 ,127873716 ,11/27/1985
102 Dalmatians,19883351 ,2704 ,66957026 ,11/22/2000
Ouija,19875995 ,2858 ,50372585 ,10/24/2014
Kick-Ass,19828687 ,3065 ,48071303 ,4/16/2010
The Unborn (2009),19810585 ,2357 ,42670410 ,1/9/2009
The Cable Guy,19806226 ,2657 ,60240295 ,6/14/1996
Spawn,19738749 ,2536 ,54870175 ,8/1/1997
Hansel and Gretel: Witch Hunters,19690956 ,3372 ,55703475 ,1/25/2013
White Chicks,19676748 ,2726 ,70831760 ,6/23/2004
The Grey,19665101 ,3185 ,51580236 ,1/27/2012
The Benchwarmers,19656429 ,3274 ,59843754 ,4/7/2006
No Strings Attached,19652921 ,3018 ,70662220 ,1/21/2011
Kingdom of Heaven,19635996 ,3216 ,47398413 ,5/6/2005
School of Rock,19622714 ,2614 ,81261177 ,10/3/2003
Paranormal Activity,19617650 ,760 ,107918810 ,10/16/2009
The Animal,19610520 ,2788 ,57743062 ,6/1/2001
Year One,19610304 ,3022 ,43337279 ,6/19/2009
Shanghai Knights,19603630 ,2753 ,60476872 ,2/7/2003
Pokemon: The Movie 2000,19575608 ,2752 ,43758684 ,7/21/2000
Hostel,19556099 ,2195 ,47326473 ,1/6/2006
U-571,19553310 ,2583 ,77122415 ,4/21/2000
The Santa Clause 3: The Escape Clause,19504038 ,3458 ,84500122 ,11/3/2006
Moneyball,19501302 ,2993 ,75605492 ,9/23/2011
For Colored Girls,19497324 ,2127 ,37729698 ,11/5/2010
Another 48 HRS.,19475559 ,2721 ,80818974 ,6/8/1990
Argo,19458109 ,3232 ,136025503 ,10/12/2012
The Italian Job,19457944 ,2633 ,106128601 ,5/30/2003
I Am Number Four,19449893 ,3154 ,55100437 ,2/18/2011
Alien 3,19449867 ,2227 ,55473545 ,5/22/1992
The Nut Job,19423000 ,3427 ,64251541 ,1/17/2014
Brother Bear,19404492 ,3030 ,85336277 ,11/1/2003
The Bucket List,19392416 ,2911 ,93466502 ,1/11/2008
Miracle,19377577 ,2605 ,64378093 ,2/6/2004
The Santa Clause,19321992 ,2183 ,144833357 ,11/11/1994
Conspiracy Theory,19313566 ,2806 ,75982834 ,8/8/1997
Aladdin,19289073 ,1131 ,217350219 ,11/25/1992
Gothika,19288438 ,2382 ,59694580 ,11/21/2003
Blue Streak,19208806 ,2735 ,68518533 ,9/17/1999
Final Destination 3,19173094 ,2880 ,54098051 ,2/10/2006
Role Models,19167085 ,2792 ,67294270 ,11/7/2008
Dolphin Tale,19152401 ,3507 ,72286779 ,9/23/2011
Tim Burton's Corpse Bride,19145480 ,3204 ,53359111 ,9/23/2005
Stepmom,19142440 ,2358 ,91137662 ,12/25/1998
Burn After Reading,19128001 ,2651 ,60355347 ,9/12/2008
The One,19112404 ,2894 ,43905746 ,11/2/2001
Deep Blue Sea,19107643 ,2854 ,73648142 ,7/30/1999
American Hustle,19106933 ,2507 ,150117807 ,12/20/2013
"Crazy, Stupid, Love.",19104303 ,3020 ,84351197 ,7/29/2011
Back to the Future Part III,19089645 ,2019 ,87727583 ,5/25/1990
Date Movie,19076261 ,2896 ,48548426 ,2/17/2006
Sucker Punch,19058199 ,3033 ,36392502 ,3/25/2011
The Terminal,19053199 ,2811 ,77872883 ,6/18/2004
Riddick,19030375 ,3107 ,42025135 ,9/6/2013
Boogeyman,19020655 ,3052 ,46752382 ,2/4/2005
The Score,19018807 ,2129 ,71107711 ,7/13/2001
Wall Street: Money Never Sleeps,19011188 ,3565 ,52474616 ,9/24/2010
The Spiderwick Chronicles,19004058 ,3847 ,71195053 ,2/14/2008
The First Wives Club,18913411 ,1922 ,105489203 ,9/20/1996
Step Up 2 the Streets,18908826 ,2470 ,58017783 ,2/14/2008
Limitless,18907302 ,2756 ,79249455 ,3/18/2011
The Wedding Singer,18865080 ,2821 ,80245725 ,2/13/1998
Land of the Lost,18837350 ,3521 ,49438370 ,6/5/2009
Hidalgo,18829435 ,3063 ,67303450 ,3/5/2004
Flushed Away,18814323 ,3707 ,64665672 ,11/3/2006
Red Tails,18782154 ,2512 ,49876377 ,1/20/2012
Behind Enemy Lines,18736133 ,2770 ,58856790 ,11/30/2001
World Trade Center,18730762 ,2957 ,70278893 ,8/9/2006
Maid in Manhattan,18711407 ,2838 ,94011225 ,12/13/2002
American Pie,18709680 ,2508 ,102561004 ,7/9/1999
Scream 4,18692090 ,3305 ,38180928 ,4/15/2011
The Time Traveler's Wife,18623171 ,2988 ,63414846 ,8/14/2009
Friends with Benefits,18622150 ,2926 ,55802754 ,7/22/2011
Jurassic Park 3D,18620145 ,2771 ,45385935 ,4/5/2013
Epic Movie,18612544 ,2801 ,39739367 ,1/26/2007
Crimson Tide,18612190 ,2382 ,91387195 ,5/12/1995
Are We There Yet?,18575214 ,2709 ,82674398 ,1/21/2005
Speed Racer,18561337 ,3606 ,43945766 ,5/9/2008
The Rundown,18553765 ,3152 ,47726342 ,9/26/2003
Fred Claus,18515473 ,3603 ,72006777 ,11/9/2007
Star Trek: Nemesis,18513305 ,2711 ,43254409 ,12/13/2002
Patriot Games,18511191 ,2365 ,83351587 ,6/5/1992
The Texas Chainsaw Massacre: The Beginning,18508228 ,2820 ,39517763 ,10/6/2006
Meet the Spartans,18505530 ,2605 ,38233676 ,1/25/2008
Exit Wounds,18485586 ,2830 ,51758599 ,3/16/2001
Dante's Peak,18479435 ,2657 ,67127760 ,2/7/1997
Mr. Popper's Penguins,18445355 ,3339 ,68224452 ,6/17/2011
You've Got Mail,18426749 ,2691 ,115821495 ,12/18/1998
Indecent Proposal,18387632 ,1694 ,106614059 ,4/9/1993
Analyze This,18383507 ,2518 ,106885658 ,3/5/1999
The Wolf of Wall Street,18361578 ,2537 ,116900694 ,12/25/2013
"Alexander and the Terrible, Horrible, No Good, Very Bad Day",18360230 ,3088 ,64164129 ,10/10/2014
Paranormal Activity: The Marked Ones,18343611 ,2867 ,32462372 ,1/3/2014
Cinderella Man,18320205 ,2812 ,61649911 ,6/3/2005
Stigmata,18309666 ,2899 ,50046268 ,9/10/1999
Saw,18276468 ,2315 ,55185045 ,10/29/2004
The Birdcage,18275828 ,1950 ,124060553 ,3/8/1996
Yes Man,18262471 ,3434 ,97690976 ,12/19/2008
Secret Window,18237568 ,3018 ,48022900 ,3/12/2004
Cop Out,18211126 ,3150 ,44875481 ,2/26/2010
Rambo,18203876 ,2751 ,42754105 ,1/25/2008
Star Trek VI: The Undiscovered Country,18162837 ,1804 ,74888996 ,12/6/1991
Swordfish,18145632 ,2678 ,69772969 ,6/8/2001
Mirror Mirror,18132085 ,3603 ,64935167 ,3/30/2012
A Haunted House,18101682 ,2160 ,40041683 ,1/11/2013
Space Cowboys,18093776 ,2805 ,90464773 ,8/4/2000
Sahara,18068372 ,3154 ,68671925 ,4/8/2005
Bowfinger,18062550 ,2706 ,66384775 ,8/13/1999
Exorcist: The Beginning,18054001 ,2803 ,41821986 ,8/20/2004
Red 2,18048422 ,3016 ,53262560 ,7/19/2013
Lady in the Water,18044396 ,3235 ,42285169 ,7/21/2006
Final Destination 5,18031396 ,3155 ,42587643 ,8/12/2011
The Green Mile,18017152 ,2875 ,136801374 ,12/10/1999
Romeo Must Die,18014503 ,2641 ,55973336 ,3/22/2000
Sinister,18007634 ,2527 ,48086903 ,10/12/2012
The Guardian,18006064 ,3241 ,55011732 ,9/29/2006
Hero,18004319 ,2031 ,53710019 ,8/27/2004
This Christmas,17958183 ,1858 ,49121934 ,11/21/2007
Wolf,17911366 ,2117 ,65002597 ,6/17/1994
Need for Speed,17844939 ,3115 ,43577636 ,3/14/2014
The Dilemma,17816230 ,2940 ,48475290 ,1/14/2011
Snow Dogs,17814259 ,2302 ,81172560 ,1/18/2002
Let's Be Cops,17813722 ,3094 ,82384477 ,8/13/2014
"I Love You, Man",17810270 ,2711 ,71440011 ,3/20/2009
Spirit: Stallion of the Cimarron,17770036 ,3317 ,73280117 ,5/24/2002
Beauty and the Beast (3D),17751905 ,2625 ,47617067 ,1/13/2012
Easy A,17734040 ,2856 ,58401464 ,9/17/2010
The Possession,17732480 ,2816 ,49130154 ,8/31/2012
Forgetting Sarah Marshall,17725330 ,2798 ,63172463 ,4/18/2008
First Sunday,17714821 ,2213 ,37931869 ,1/11/2008
Resident Evil,17707106 ,2528 ,40119709 ,3/15/2002
Surf's Up,17640249 ,3528 ,58867694 ,6/8/2007
Max Payne,17639849 ,3376 ,40689393 ,10/17/2008
The Sorcerer's Apprentice,17619622 ,3504 ,63150991 ,7/14/2010
Get Him to the Greek,17570955 ,2697 ,60974475 ,6/4/2010
Premonition,17558689 ,2831 ,47852604 ,3/16/2007
Just Married,17548993 ,2766 ,56127162 ,1/10/2003
The Smurfs 2,17548389 ,3866 ,71017784 ,7/31/2013
The Cell,17515050 ,2411 ,61334059 ,8/18/2000
Planes: Fire & Rescue,17509407 ,3826 ,59165787 ,7/18/2014
Chicken Run,17506162 ,2491 ,106834564 ,6/23/2000
Legion (2010),17501625 ,2476 ,40168080 ,1/22/2010
"Yours, Mine and Ours",17461108 ,3206 ,53412862 ,11/23/2005
Old School,17453216 ,2689 ,75585093 ,2/21/2003
Michael,17435711 ,2141 ,95318203 ,12/25/1996
The Dictator,17435092 ,3008 ,59650222 ,5/16/2012
Baby Mama,17407110 ,2543 ,60494212 ,4/25/2008
This Means War,17405930 ,3189 ,54760791 ,2/17/2012
Tyler Perry's The Family That Preys,17381218 ,2070 ,37105289 ,9/12/2008
Star Trek V: The Final Frontier,17375648 ,2202 ,52210049 ,6/9/1989
Bring It On,17362105 ,2380 ,68379000 ,8/25/2000
Into The Storm,17346427 ,3434 ,47602194 ,8/8/2014
The Lizzie McGuire Movie,17338755 ,2825 ,42734455 ,5/2/2003
The Internship,17325307 ,3366 ,44672764 ,6/7/2013
Coyote Ugly,17319282 ,2653 ,60786269 ,8/4/2000
Titanic 3D,17285453 ,2674 ,57884114 ,4/4/2012
The Boxtrolls,17275239 ,3464 ,49924406 ,9/26/2014
The Man in the Iron Mask,17271450 ,3101 ,56968902 ,3/13/1998
Down to Earth,17268883 ,2521 ,64186502 ,2/16/2001
Sleepless in Seattle,17253733 ,1579 ,126680884 ,6/25/1993
Maverick,17248545 ,2537 ,101631272 ,5/20/1994
K-PAX,17215275 ,2541 ,50338485 ,10/26/2001
Edge of Darkness,17214384 ,3066 ,43313890 ,1/29/2010
Antz,17195160 ,2449 ,90757863 ,10/2/1998
The Client,17174262 ,2052 ,92115211 ,7/22/1994
Species,17161943 ,2310 ,60074103 ,7/7/1995
The Hunt for Red October,17161835 ,1225 ,122012643 ,3/2/1990
The Kingdom,17135055 ,2793 ,47536778 ,9/28/2007
Changing Lanes,17128062 ,2613 ,66818548 ,4/12/2002
The Call,17118745 ,2507 ,51872378 ,3/15/2013
Don't Say a Word,17090474 ,2802 ,55001642 ,9/28/2001
Jerry Maguire,17084296 ,2531 ,153952592 ,12/13/1996
Home Alone,17081997 ,1202 ,285761243 ,11/16/1990
Blade,17073856 ,2322 ,70087718 ,8/21/1998
Gangster Squad,17070347 ,3103 ,46000903 ,1/11/2013
The Butterfly Effect,17065227 ,2605 ,57938693 ,1/23/2004
Tears of the Sun,17057213 ,2973 ,43734876 ,3/7/2003
The Fifth Element,17031345 ,2500 ,63820180 ,5/9/1997
Invincible,17031122 ,2917 ,57806952 ,8/25/2006
Hotel for Dogs,17012212 ,3271 ,73034460 ,1/16/2009
The Three Stooges,17010125 ,3477 ,44338224 ,4/13/2012
The Book of Life (2014),17005218 ,3071 ,48386903 ,10/17/2014
The Lovely Bones,17005133 ,2563 ,44114232 ,1/15/2010
Muppets Most Wanted,17005126 ,3194 ,51183113 ,3/21/2014
Old Dogs,16894511 ,3425 ,49492060 ,11/25/2009
Star Trek IV: The Voyage Home,16881888 ,1349 ,109713132 ,11/26/1986
The Pelican Brief,16864404 ,1993 ,100768056 ,12/17/1993
U.S. Marshals,16863988 ,2817 ,57167405 ,3/6/1998
Coraline,16849640 ,2299 ,75286229 ,2/6/2009
Water for Elephants,16842353 ,2817 ,58709717 ,4/22/2011
Casper,16840385 ,2714 ,100328194 ,5/26/1995
A Million Ways to Die in the West,16797385 ,3158 ,43139300 ,5/30/2014
Mortal Kombat: Annihilation,16771694 ,2140 ,35927406 ,11/21/1997
Message in a Bottle,16751560 ,2538 ,52880016 ,2/12/1999
Catwoman,16728411 ,3117 ,40202379 ,7/23/2004
Along Came a Spider,16712407 ,2530 ,74078174 ,4/6/2001
The Bone Collector,16712020 ,2587 ,66518655 ,11/5/1999
Spy Kids 2: The Island of Lost Dreams,16711716 ,3307 ,85846429 ,8/7/2002
Finding Nemo (3D),16687773 ,2904 ,41128283 ,9/14/2012
Star Trek III: The Search for Spock,16673295 ,1966 ,76471046 ,6/1/1984
Stargate,16651018 ,2033 ,71567262 ,10/28/1994
Anaconda,16620887 ,2456 ,65885767 ,4/11/1997
A Perfect Murder,16615704 ,2845 ,67638368 ,6/5/1998
The Bodyguard,16611793 ,1717 ,121945720 ,11/25/1992
Kangaroo Jack,16580209 ,2818 ,66934963 ,1/17/2003
A Beautiful Mind,16565820 ,1853 ,170742341 ,1/4/2002
George of the Jungle,16540791 ,2506 ,105263257 ,7/18/1997
Transporter 2,16540720 ,3303 ,43095856 ,9/2/2005
Cradle 2 the Grave,16521468 ,2625 ,34712347 ,2/28/2003
I Still Know What You Did Last Summer,16520038 ,2443 ,40002112 ,11/13/1998
A Knight's Tale,16511391 ,2980 ,56569702 ,5/11/2001
"Six Days, Seven Nights",16485276 ,2550 ,74339294 ,6/12/1998
Alien Resurrection,16474092 ,2415 ,47795658 ,11/26/1997
The Tourist,16472458 ,2756 ,67631157 ,12/10/2010
RV,16414767 ,3639 ,71726025 ,4/28/2006
Yogi Bear,16411322 ,3515 ,100246011 ,12/17/2010
Just Like Heaven,16408718 ,3508 ,48318130 ,9/16/2005
Dumb and Dumber,16363442 ,2447 ,127175374 ,12/16/1994
Halloween II (2009),16349565 ,3025 ,33392973 ,8/28/2009
Last Vegas,16334566 ,3065 ,63914167 ,11/1/2013
The Legend of Zorro,16328506 ,3520 ,46464023 ,10/28/2005
Snake Eyes,16310373 ,2713 ,55591409 ,8/7/1998
The Shaggy Dog,16310058 ,3501 ,61123569 ,3/10/2006
Abraham Lincoln: Vampire Hunter,16306974 ,3108 ,37519139 ,6/22/2012
The Recruit,16302063 ,2376 ,52802140 ,1/31/2003
"Big Mommas: Like Father, Like Son",16300803 ,2821 ,37915414 ,2/18/2011
Holes,16300155 ,2331 ,67406573 ,4/18/2003
Return of the Jedi (Special Edition),16293531 ,2111 ,45470437 ,3/14/1997
Righteous Kill,16288361 ,3152 ,40081410 ,9/12/2008
The Saint,16278873 ,2307 ,61363304 ,4/4/1997
Identity,16225263 ,2733 ,52159536 ,4/25/2003
Death at a Funeral (2010),16217540 ,2459 ,42739347 ,4/16/2010
Welcome Home Roscoe Jenkins,16207730 ,2387 ,42436517 ,2/8/2008
Halloween: H20,16187724 ,2607 ,55041738 ,8/7/1998
Out of Time,16185316 ,3076 ,41088845 ,10/3/2003